12311999|New Year's Day|Finra Holiday
01172000|Martin Luther King Day|Finra Holiday
02212000|Washington’s Birthday|Finra Holiday
04212000|Good Friday|Finra Holiday
05292000|Memorial Day|Finra Holiday
12252000|Christmas Day|Finra Holiday
09042000|Labor Day|Finra Holiday
07042000|Independence Day|Finra Holiday
01152001|Martin Luther King Day|Finra Holiday
02192001|Washington’s Birthday|Finra Holiday
05282001|Memorial Day|Finra Holiday
07042001|Independence Day|Finra Holiday
09032001|Labor Day|Finra Holiday
11222001|Thanksgiving Day|Finra Holiday
11232000|Thanksgiving Day|Finra Holiday
01012001|New Year's Day|Finra Holiday
12252001|Christmas Day|Finra Holiday
04132001|Good Friday|Finra Holiday
01012002|New Year's Day|Finra Holiday
01212002|Martin Luther King Day|Finra Holiday
02182002|Washington’s Birthday|Finra Holiday
03292002|Good Friday|Finra Holiday
05272002|Memorial Day|Finra Holiday
07042002|Independence Day|Finra Holiday
09022002|Labor Day|Finra Holiday
11282002|Thanksgiving Day|Finra Holiday
12252002|Christmas Day|Finra Holiday
01012003|New Year's Day|Finra Holiday
01202003|Martin Luther King Day|Finra Holiday
02172003|Washington’s Birthday|Finra Holiday
04182003|Good Friday|Finra Holiday
05262003|Memorial Day|Finra Holiday
07042003|Independence Day|Finra Holiday
09012003|Labor Day|Finra Holiday
12252003|Christmas Day|Finra Holiday
11272003|Thanksgiving Day|Finra Holiday
01192004|Martin Luther King Day|Finra Holiday
01012004|New Year's Day|Finra Holiday
02162004|Washington’s Birthday|Finra Holiday
04092004|Good Friday|Finra Holiday
05312004|Memorial Day|Finra Holiday
07052004|Independence Day|Finra Holiday
09062004|Labor Day|Finra Holiday
11252004|Thanksgiving Day|Finra Holiday
12242004|Christmas Day|Finra Holiday
12312004|New Year's Day|Finra Holiday
01172005|Martin Luther King Day|Finra Holiday
05302005|Memorial Day|Finra Holiday
03252005|Good Friday|Finra Holiday
02212005|Washington’s Birthday|Finra Holiday
07042005|Independence Day|Finra Holiday
09052005|Labor Day|Finra Holiday
11242005|Thanksgiving Day|Finra Holiday
12262005|Christmas Day|Finra Holiday
01022006|New Year's Day|Finra Holiday
01162006|Martin Luther King Day|Finra Holiday
02202006|Washington’s Birthday|Finra Holiday
05292006|Memorial Day|Finra Holiday
04142006|Good Friday|Finra Holiday
07042006|Independence Day|Finra Holiday
09042006|Labor Day|Finra Holiday
11232006|Thanksgiving Day|Finra Holiday
12252006|Christmas Day|Finra Holiday
01012007|New Year's Day|Finra Holiday
01152007|Martin Luther King Day|Finra Holiday
02192007|Washington’s Birthday|Finra Holiday
04062007|Good Friday|Finra Holiday
05282007|Memorial Day|Finra Holiday
07042007|Independence Day|Finra Holiday
09032007|Labor Day|Finra Holiday
11222007|Thanksgiving Day|Finra Holiday
12252007|Christmas Day|Finra Holiday
01012008|New Year's Day|Finra Holiday
01212008|Martin Luther King Day|Finra Holiday
02182008|Washington’s Birthday|Finra Holiday
03212008|Good Friday|Finra Holiday
05262008|Memorial Day|Finra Holiday
07042008|Independence Day|Finra Holiday
09012008|Labor Day|Finra Holiday
11272008|Thanksgiving Day|Finra Holiday
12252008|Christmas Day|Finra Holiday
01192009|Martin Luther King Day|Finra Holiday
01012009|New Year's Day|Finra Holiday
02162009|Washington’s Birthday|Finra Holiday
05252009|Memorial Day|Finra Holiday
07032009|Independence Day|Finra Holiday
04102009|Good Friday|Finra Holiday
09072009|Labor Day|Finra Holiday
11262009|Thanksgiving Day|Finra Holiday
12252009|Christmas Day|Finra Holiday
01012010|New Year's Day|Finra Holiday
01182010|Martin Luther King Day|Finra Holiday
02152010|Washington’s Birthday|Finra Holiday
04022010|Good Friday|Finra Holiday
07052010|Independence Day|Finra Holiday
05312010|Memorial Day|Finra Holiday
11252010|Thanksgiving Day|Finra Holiday
12242010|Christmas Day|Finra Holiday
12312010|New Year's Day|Finra Holiday
01172011|Martin Luther King Day|Finra Holiday
02212011|Washington’s Birthday|Finra Holiday
09062010|Labor Day|Finra Holiday
04222011|Good Friday|Finra Holiday
07042011|Independence Day|Finra Holiday
09052011|Labor Day|Finra Holiday
11242011|Thanksgiving Day|Finra Holiday
05302011|Memorial Day|Finra Holiday
12262011|Christmas Day|Finra Holiday
01022012|New Year's Day|Finra Holiday
01162012|Martin Luther King Day|Finra Holiday
02202012|Washington’s Birthday|Finra Holiday
04062012|Good Friday|Finra Holiday
07042012|Independence Day|Finra Holiday
05282012|Memorial Day|Finra Holiday
09032012|Labor Day|Finra Holiday
12252012|Christmas Day|Finra Holiday
11222012|Thanksgiving Day|Finra Holiday
01012013|New Year's Day|Finra Holiday
02182013|Washington’s Birthday|Finra Holiday
03292013|Good Friday|Finra Holiday
01212013|Martin Luther King Day|Finra Holiday
05272013|Memorial Day|Finra Holiday
07042013|Independence Day|Finra Holiday
09022013|Labor Day|Finra Holiday
11282013|Thanksgiving Day|Finra Holiday
12252013|Christmas Day|Finra Holiday
02172014|Washington’s Birthday|Finra Holiday
04182014|Good Friday|Finra Holiday
01012014|New Year's Day|Finra Holiday
01202014|Martin Luther King Day|Finra Holiday
05262014|Memorial Day|Finra Holiday
07042014|Independence Day|Finra Holiday
09012014|Labor Day|Finra Holiday
11272014|Thanksgiving Day|Finra Holiday
12252014|Christmas Day|Finra Holiday
01192015|Martin Luther King Day|Finra Holiday
01012015|New Year's Day|Finra Holiday
02162015|Washington’s Birthday|Finra Holiday
05252015|Memorial Day|Finra Holiday
09072015|Labor Day|Finra Holiday
11262015|Thanksgiving Day|Finra Holiday
04032015|Good Friday|Finra Holiday
12252015|Christmas Day|Finra Holiday
07032015|Independence Day|Finra Holiday
01012016|New Year's Day|Finra Holiday
02152016|Washington’s Birthday|Finra Holiday
03252016|Good Friday|Finra Holiday
07042016|Independence Day|Finra Holiday
09052016|Labor Day|Finra Holiday
11242016|Thanksgiving Day|Finra Holiday
01182016|Martin Luther King Day|Finra Holiday
12262016|Christmas Day|Finra Holiday
05302016|Memorial Day|Finra Holiday
01022017|New Year's Day|Finra Holiday
04142017|Good Friday|Finra Holiday
05292017|Memorial Day|Finra Holiday
07042017|Independence Day|Finra Holiday
09042017|Labor Day|Finra Holiday
11232017|Thanksgiving Day|Finra Holiday
12252017|Christmas Day|Finra Holiday
01162017|Martin Luther King Day|Finra Holiday
02202017|Washington’s Birthday|Finra Holiday
01012018|New Year's Day|Finra Holiday
02192018|Washington’s Birthday|Finra Holiday
03302018|Good Friday|Finra Holiday
01152018|Martin Luther King Day|Finra Holiday
05282018|Memorial Day|Finra Holiday
07042018|Independence Day|Finra Holiday
09032018|Labor Day|Finra Holiday
12252018|Christmas Day|Finra Holiday
11222018|Thanksgiving Day|Finra Holiday
01012019|New Year's Day|Finra Holiday
02182019|Washington’s Birthday|Finra Holiday
01212019|Martin Luther King Day|Finra Holiday
07042019|Independence Day|Finra Holiday
04192019|Good Friday|Finra Holiday
09022019|Labor Day|Finra Holiday
12252019|Christmas Day|Finra Holiday
11282019|Thanksgiving Day|Finra Holiday
05272019|Memorial Day|Finra Holiday
01012020|New Year's Day|Finra Holiday
01202020|Martin Luther King Day|Finra Holiday
02172020|Washington’s Birthday|Finra Holiday
04102020|Good Friday|Finra Holiday
09072020|Labor Day|Finra Holiday
11262020|Thanksgiving Day|Finra Holiday
12252020|Christmas Day|Finra Holiday
07032020|Independence Day|Finra Holiday
05252020|Memorial Day|Finra Holiday
